<edmx:Edmx
    xmlns:edmx="http://schemas.microsoft.com/ado/2007/06/edmx" Version="1.0">
    <edmx:DataServices
        xmlns:m="http://schemas.microsoft.com/ado/2007/08/dataservices/metadata" m:DataServiceVersion="2.0">
        <Schema
            xmlns:d="http://schemas.microsoft.com/ado/2007/08/dataservices"
            xmlns:m="http://schemas.microsoft.com/ado/2007/08/dataservices/metadata"
            xmlns="http://schemas.microsoft.com/ado/2008/09/edm" Namespace="iotrobot.iotrobot">
            <EntityType Name="SENSORVALUESType">
                <Key>
                    <PropertyRef Name="G_DEVICE"/>
                </Key>
                <Property Name="G_DEVICE" Type="Edm.String" Nullable="false" MaxLength="255"/>
                <Property Name="C_TIMESTAMP" Type="Edm.Int64"/>
                <Property Name="C_LONGITUDE" Type="Edm.Double"/>
                <Property Name="C_LATITUDE" Type="Edm.Double"/>
                <Property Name="C_TEMPERATURE1" Type="Edm.Double"/>
                <Property Name="C_TEMPERATURE2" Type="Edm.Double"/>
                <Property Name="C_PRESSURE1" Type="Edm.Double"/>
                <Property Name="C_PRESSURE2" Type="Edm.Double"/>
                <Property Name="C_LIGHT1" Type="Edm.Double"/>
                <Property Name="C_LIGHT2" Type="Edm.Double"/>
                <Property Name="C_SPEED1" Type="Edm.Double"/>
                <Property Name="C_SPEED2" Type="Edm.Double"/>
                <Property Name="C_COUNTER1" Type="Edm.Int32"/>
                <Property Name="C_COUNTER2" Type="Edm.Int32"/>
            </EntityType>
            <EntityContainer Name="iotrobot" m:IsDefaultEntityContainer="true">
                <EntitySet Name="SENSORVALUES" EntityType="iotrobot.iotrobot.SENSORVALUESType"/>
            </EntityContainer>
        </Schema>
    </edmx:DataServices>
</edmx:Edmx>